Unnamed: 0,R1,G1,B1,R2,G2,B2,R3,G3,B3
活気のある,208,0,32,255,156,0,255,217,0
アクティブな,208,0,32,255,217,0,0,33,152
活動的な,208,0,32,0,33,152,255,255,255
ダイナミックな,208,0,32,255,217,0,0,0,0
躍動的な,208,0,32,255,216,40,0,149,71
大胆な,208,0,32,255,255,255,0,0,0
エネルギッシュな,208,0,32,255,156,0,0,0,0
力動的な,208,0,32,0,140,113,0,0,0
革新的な,208,0,32,91,189,206,0,33,152
豊かな,184,28,16,216,128,0,209,171,0
豊潤な,184,28,16,255,168,40,136,0,82
艶っぽい,184,28,16,219,149,173,166,102,126
こってりした,184,28,16,216,128,0,136,0,82
装飾的な,184,28,16,160,136,0,102,0,117
あでやかな,184,28,16,188,156,201,136,112,152
タフな,184,28,16,64,0,24,64,32,0
豪華な,184,28,16,209,171,0,0,0,0
円熟した,184,28,16,119,60,0,84,0,96
ほがらかな,255,88,80,255,188,104,255,229,122
ユーモラスな,255,88,80,255,216,40,242,202,255
子供らしい,255,88,80,255,242,191,150,222,233
うれしい,255,88,80,255,229,122,239,143,184
はなやかな,255,88,80,255,216,40,194,135,205
キュートな,255,88,80,255,229,122,157,247,173
華麗な,255,88,80,131,73,139,186,69,131
愉快な,255,88,80,255,229,122,72,204,125
陽気な,255,88,80,255,229,122,96,202,170
あどけない,255,152,136,255,188,104,255,242,191
かわいい,255,152,136,255,213,159,255,229,122
気楽な,255,152,136,255,213,159,152,231,203
うれしい,255,88,80,255,152,136,255,229,122
甘美な,255,152,136,255,213,159,255,196,226
子供らしい,255,152,136,255,229,122,157,247,173
おおらかな,255,152,136,237,128,122,255,242,191
キュートな,255,152,136,255,229,122,255,196,226
フェミニンな,255,152,136,255,213,159,197,184,199
肌ざわりのよい,255,152,136,255,212,200,208,180,176
ういういしい,255,212,200,218,255,213,255,255,255
しなやかな,255,212,200,218,255,213,238,238,226
温和な,255,212,200,255,188,104,205,191,156
おとなしい,255,212,200,197,184,199,255,225,237
可憐な,255,212,200,217,253,255,255,196,226
なごやかな,255,212,200,206,181,159,232,157,96
柔和な,255,212,200,206,181,159,205,191,156
甘美な,255,212,200,152,231,203,255,196,226
肌ざわりのよい,255,212,200,208,180,176,206,181,159
柔和な,208,180,176,255,213,159,199,199,187
のんびりした,208,180,176,206,181,159,198,205,156
温雅な,208,180,176,237,128,122,184,147,143
しなやかな,208,180,176,255,213,159,197,184,199
やさしい,208,180,176,255,213,159,242,202,255
マイルドな,208,180,176,237,128,122,176,119,72
優美な,208,180,176,188,156,201,255,196,226
しとやかな,208,180,176,197,184,199,154,138,159
なごやかな,237,128,122,255,188,104,255,213,159
マイルドな,237,128,122,255,213,159,206,181,159
やさしい,255,212,200,237,128,122,165,129,145
カジュアルな,237,128,122,255,168,40,255,242,191
温雅な,208,180,176,237,128,122,184,147,143
情緒的な,237,128,122,176,143,119,207,186,196
家庭的な,237,128,122,255,188,104,206,181,159
おおらかな,237,128,122,206,181,159,176,119,72
優雅な,237,128,122,154,138,159,207,186,196
温雅な,237,128,122,184,147,143,206,181,159
きめ細かい,184,147,143,255,225,237,207,186,196
古風な,184,147,143,205,191,156,171,157,109
なつかしい,208,180,176,184,147,143,168,104,96
エレガントな,184,147,143,197,184,199,136,112,152
情緒的な,184,147,143,197,184,199,165,129,145
円熟した,184,147,143,168,0,34,102,0,117
ドレッシーな,184,147,143,207,186,196,166,102,126
シックな,184,147,143,197,184,199,128,128,117
まろやかな,168,104,96,232,157,96,205,191,156
なつかしい,168,104,96,206,181,159,176,119,72
味わい深い,168,104,96,176,143,119,79,96,0
おいしい,184,28,16,168,104,96,216,128,0
成熟した,168,104,96,209,171,0,106,0,67
丹念な,168,104,96,129,145,66,0,38,102
豊潤な,168,104,96,104,0,31,136,0,82
円熟した,168,104,96,168,0,34,84,0,96
艶っぽい,168,104,96,168,0,34,102,0,117
豊かな,168,0,34,209,171,0,79,96,0
ぜいたくな,168,0,34,209,171,0,102,0,117
円熟した,168,0,34,176,143,119,84,0,96
力動的な,168,0,34,216,128,0,0,0,0
豪華な,168,0,34,209,171,0,0,0,0
ワイルドな,168,0,34,160,136,0,79,96,0
たくましい,168,0,34,64,0,24,0,0,0
こってりした,168,0,34,168,84,0,106,0,67
タフな,168,0,34,119,60,0,0,72,69
豊潤な,184,28,16,104,0,31,209,171,0
こってりした,104,0,31,209,171,0,136,0,82
アンティークな,104,0,31,176,143,119,106,0,67
伝統的な,104,0,31,176,119,72,64,32,0
円熟した,168,104,96,104,0,31,102,0,117
クラシックな,104,0,31,64,0,24,128,128,117
重厚な,104,0,31,119,60,0,0,0,0
丈夫な,104,0,31,64,0,24,64,0,72
充実した,104,0,31,152,164,104,0,0,0
力動的な,208,0,32,64,0,24,255,217,0
アンティークな,184,147,143,64,0,24,112,92,0
渋い,64,0,24,112,92,0,128,128,117
ワイルドな,208,0,32,64,0,24,209,171,0
本格的な,64,0,24,171,157,109,0,51,68
格調のある,64,0,24,0,71,91,128,128,117
クラシックな,104,0,31,64,0,24,128,128,117
どっしりした,64,0,24,119,60,0,64,0,72
がっしりした,64,0,24,0,29,77,107,107,98
活気のある,208,0,32,255,156,0,255,217,0
陽気な,255,156,0,255,217,0,255,255,255
快活な,255,156,0,255,229,122,138,176,223
にぎやかな,255,156,0,255,217,0,192,0,112
カジュアルな,255,156,0,255,229,122,96,202,170
楽しい,255,156,0,255,217,0,91,189,206
情熱的な,208,0,32,255,156,0,0,0,0
元気な,208,0,32,255,156,0,0,108,136
活動的な,255,156,0,0,33,152,255,255,255
豊かな,184,28,16,216,128,0,166,102,126
のどかな,216,128,0,205,191,156,179,208,89
楽しい,216,128,0,255,216,40,96,202,170
あでやかな,208,0,32,216,128,0,132,48,143
豊潤な,216,128,0,168,84,0,136,0,82
豪華な,168,0,34,216,128,0,136,112,152
力動的な,184,28,16,216,128,0,46,46,42
こってりした,168,0,34,64,0,24,216,128,0
充実した,168,0,34,216,128,0,112,92,0
親しみやすい,255,168,40,255,216,40,255,255,255
気軽な,255,168,40,255,242,191,184,224,32
カジュアルな,255,168,40,255,216,40,138,176,223
キュートな,255,168,40,255,229,122,255,196,226
開放的な,255,168,40,255,229,122,152,231,203
健康な,255,168,40,255,242,191,91,189,206
愉快な,255,88,80,255,168,40,255,229,122
活動的な,208,0,32,255,168,40,0,33,152
はつらつな,255,168,40,255,216,40,96,202,170
気楽な,255,152,136,255,188,104,255,229,122
気軽な,255,188,104,255,242,191,228,200,99
のどかな,255,188,104,255,242,191,198,205,156
ほがらかな,255,88,80,255,188,104,255,229,122
おおらかな,255,212,200,255,188,104,232,157,96
親しみやすい,255,188,104,255,242,191,184,224,32
家庭的な,237,128,122,255,188,104,206,181,159
なじみやすい,255,188,104,255,213,159,232,157,96
のびのびした,255,188,104,255,242,191,152,231,203
家庭的な,255,152,136,255,213,159,198,205,156
メルヘンの,255,213,159,213,255,236,247,225,255
淡い,255,213,159,218,255,213,255,255,255
なじみやすい,255,213,159,232,157,96,205,191,156
可憐な,255,213,159,217,253,255,255,196,226
繊細な,255,213,159,207,186,196,199,199,187
マイルドな,208,180,176,237,128,122,255,213,159
飾り気のない,255,213,159,206,181,159,161,161,148
さりげない,255,213,159,242,202,255,207,186,196
素直な,206,181,159,255,225,237,255,255,255
柔和な,206,181,159,205,191,156,255,255,255
おとなしい,206,181,159,217,253,255,238,238,226
のんびりした,255,213,159,206,181,159,232,157,96
肌触りのよい,206,181,159,255,242,191,205,191,156
マイルドな,255,213,159,206,181,159,207,186,196
おおらかな,237,128,122,206,181,159,176,119,72
居心地のよい,206,181,159,255,242,191,198,205,156
飾り気のない,255,213,159,206,181,159,161,161,148
なじみやすい,255,152,136,255,188,104,232,157,96
柔和な,255,188,104,206,181,159,232,157,96
家庭的な,255,213,159,232,157,96,135,205,149
なごやかな,208,180,176,232,157,96,255,242,191
温和な,206,181,159,232,157,96,205,191,156
おおらかな,232,157,96,255,242,191,228,200,99
温雅な,184,147,143,232,157,96,205,191,156
自然な,232,157,96,205,191,156,228,200,99
くつろいだ,232,157,96,205,191,156,179,208,89
マイルドな,208,180,176,255,213,159,176,143,119
奥ゆかしい,176,143,119,165,129,145,199,199,187
枯れた,176,143,119,161,161,148,143,143,131
ひなびた,176,143,119,228,200,99,149,132,64
質素な,176,143,119,205,191,156,143,143,131
閑静な,176,143,119,149,132,64,161,161,148
丹念な,176,143,119,176,119,72,64,32,0
シックな,176,143,119,161,161,148,107,107,98
地味な,176,143,119,171,157,109,107,107,98
おおらかな,237,128,122,206,181,159,176,119,72
なつかしい,232,157,96,176,119,72,171,157,109
枯れた,176,119,72,171,157,109,161,161,148
味わい深い,176,119,72,64,32,0,112,92,0
田園的な,176,119,72,152,164,104,79,96,0
ひなびた,176,119,72,171,157,109,107,107,98
クラシックな,176,119,72,64,32,0,136,0,82
丹念な,176,143,119,176,119,72,64,32,0
伝統的な,176,119,72,112,92,0,0,29,77
豊潤な,184,28,16,216,128,0,168,84,0
なつかしい,232,157,96,168,84,0,149,132,64
田園的な,168,84,0,205,191,156,160,136,0
ワイルドな,184,28,16,168,84,0,64,32,0
タフな,184,28,16,168,84,0,119,60,0
伝統的な,168,84,0,79,96,0,84,0,96
こってりした,168,0,34,64,0,24,168,84,0
アンティークな,64,0,24,168,84,0,112,92,0
丈夫な,168,84,0,0,29,77,0,0,0
田園的な,232,157,96,119,60,0,160,136,0
充実した,104,0,31,119,60,0,209,171,0
堅実な,176,143,119,119,60,0,0,51,68
丈夫な,168,84,0,119,60,0,0,0,0
クラシックな,176,119,72,119,60,0,46,46,42
たくましい,176,119,72,119,60,0,0,51,68
タフな,168,0,34,119,60,0,0,0,0
どっしりした,119,60,0,64,32,0,64,0,72
重厚な,119,60,0,0,29,77,46,46,42
伝統的な,104,0,31,176,119,72,64,32,0
渋い,64,32,0,149,132,64,107,107,98
堅実な,64,32,0,171,157,109,79,96,0
丈夫な,176,119,72,64,32,0,60,51,0
重厚な,119,60,0,64,32,0,46,46,42
風格のある,64,32,0,0,29,77,107,107,98
男っぽい,208,0,32,64,32,0,0,0,0
本格的な,64,32,0,171,157,109,0,0,0
がっしりした,64,32,0,107,107,98,0,0,0
あざやかな,255,156,0,255,217,0,192,0,112
にぎやかな,208,0,32,255,217,0,0,149,71
スポーティな,255,217,0,0,33,152,255,255,255
派手な,255,217,0,132,48,143,192,0,112
はつらつとした,255,156,0,255,217,0,0,33,152
活動的な,208,0,32,255,217,0,0,50,117
大胆な,208,0,32,255,217,0,0,0,0
ダイナミックな,255,217,0,192,0,112,0,0,0
強烈な,255,217,0,132,48,143,0,0,0
豊潤な,184,28,16,119,60,0,209,171,0
装飾的な,209,171,0,132,48,143,192,0,112
田園的な,119,60,0,209,171,0,152,164,104
華麗な,208,0,32,209,171,0,102,0,117
豊かな,168,0,34,119,60,0,209,171,0
ぜいたくな,209,171,0,131,73,139,136,0,82
ワイルドな,208,0,32,64,0,24,209,171,0
充実した,104,0,31,64,32,0,209,171,0
豪華な,168,0,34,209,171,0,84,0,96
親しみやすい,255,188,104,255,216,40,255,242,191
軽快な,255,216,40,152,231,203,255,255,255
若々しい,255,216,40,184,224,32,255,255,255
ほがらかな,255,88,80,255,152,136,255,216,40
快活な,255,156,0,255,216,40,91,189,206
かわいい,255,216,40,96,202,170,239,143,184
楽しい,255,156,0,255,216,40,96,202,170
カジュアルな,208,0,32,255,216,40,54,96,141
青春の,255,216,40,72,204,125,54,96,141
健康な,255,168,40,255,229,122,255,255,255
子供らしい,255,152,136,255,229,122,150,222,233
若々しい,255,229,122,72,204,125,255,255,255
ほがらかな,255,88,80,255,188,104,255,229,122
ユーモラスな,255,88,80,255,229,122,157,247,173
開放的な,255,168,40,255,229,122,152,231,203
キュートな,255,88,80,255,229,122,242,202,255
愉快な,255,88,80,255,229,122,72,204,125
青春の,255,229,122,96,202,170,138,176,223
あどけない,255,152,136,255,212,200,255,242,191
のびのびした,255,188,104,255,242,191,218,248,109
メルヘンの,255,242,191,217,253,255,255,196,226
親しみやすい,255,188,104,255,242,191,150,222,233
おとなしい,206,181,159,255,242,191,205,191,156
簡素な,255,242,191,198,205,156,199,199,187
おおらかな,255,152,136,237,128,122,255,242,191
開放的な,255,168,40,255,242,191,72,204,125
平和な,255,242,191,168,198,164,112,173,184
なじみやすい,255,213,159,232,157,96,205,191,156
のどかな,255,188,104,255,213,159,205,191,156
簡素な,255,242,191,205,191,156,199,199,187
くつろいだ,255,213,159,206,181,159,205,191,156
親しみやすい,232,157,96,205,191,156,135,205,149
やすらかな,205,191,156,218,255,213,168,198,164
温和な,255,212,200,232,157,96,205,191,156
自然な,205,191,156,228,200,99,179,208,89
素朴な,205,191,156,179,208,89,152,164,104
なじみやすい,206,181,159,255,242,191,228,200,99
おおらかな,232,157,96,255,242,191,228,200,99
素朴な,255,242,191,228,200,99,199,199,187
のどかな,216,128,0,205,191,156,228,200,99
くつろいだ,206,181,159,205,191,156,228,200,99
自然な,205,191,156,228,200,99,129,145,66
田園的な,168,84,0,228,200,99,160,136,0
なごやかな,232,157,96,205,191,156,228,200,99
ひなびた,228,200,99,152,164,104,107,107,98
閑静な,184,147,143,171,157,109,238,238,226
風流な,171,157,109,197,184,199,128,128,117
質素な,171,157,109,143,143,131,128,128,117
なつかしい,208,180,176,176,119,72,171,157,109
枯れた,171,157,109,112,92,0,199,199,187
地味な,171,157,109,161,161,148,107,107,98
古風な,119,60,0,171,157,109,60,51,0
堅実な,171,157,109,0,38,102,76,76,70
ダンディな,171,157,109,0,71,91,0,0,0
田園的な,232,157,96,119,60,0,149,132,64
なつかしい,237,128,122,149,132,64,106,0,67
ひなびた,176,143,119,149,132,64,161,161,148
アンティークな,104,0,31,64,32,0,149,132,64
丹念な,149,132,64,0,72,69,166,102,126
枯れた,176,119,72,149,132,64,143,143,131
クラシックな,104,0,31,149,132,64,46,46,42
円熟した,149,132,64,84,0,96,136,0,82
渋い,64,32,0,149,132,64,107,107,98
ぜいたくな,168,0,34,160,136,0,136,0,82
ワイルドな,168,0,34,160,136,0,112,92,0
田園的な,228,200,99,160,136,0,179,208,89
こってりした,208,0,32,160,136,0,106,0,67
装飾的な,184,28,16,160,136,0,102,0,117
ひなびた,228,200,99,160,136,0,152,164,104
力動的な,208,0,32,160,136,0,0,0,0
凝った,160,136,0,136,0,82,85,0,53
充実した,104,0,31,209,171,0,160,136,0
アンティークな,104,0,31,149,132,64,112,92,0
味わい深い,184,147,143,112,92,0,84,0,96
古風な,176,143,119,112,92,0,152,164,104
丈夫な,64,32,0,112,92,0,60,51,0
クラシックな,149,132,64,112,92,0,106,0,67
丹念な,171,157,109,112,92,0,0,29,77
渋い,64,0,24,112,92,0,128,128,117
充実した,104,0,31,112,92,0,0,0,0
伝統的な,64,32,0,112,92,0,84,0,96
渋い,64,0,24,171,157,109,60,51,0
ダンディな,171,157,109,60,51,0,0,38,102
本格的な,60,51,0,0,29,77,143,143,131
味わい深い,176,119,72,60,51,0,136,0,82
格調のある,171,157,109,60,51,0,0,29,77
がっしりした,60,51,0,128,128,117,46,46,42
重厚な,104,0,31,60,51,0,0,29,77
どっしりした,119,60,0,60,51,0,0,0,0
風格のある,60,51,0,0,51,68,107,107,98
愉快な,255,168,40,176,220,0,239,143,184
健康な,255,217,0,176,220,0,255,255,255
新鮮な,176,220,0,218,255,213,255,255,255
楽しい,255,156,0,255,217,0,176,220,0
開放的な,255,168,40,255,242,191,176,220,0
安全な,176,220,0,238,255,181,57,155,91
にぎやかな,255,156,0,176,220,0,192,0,112
あざやかな,176,220,0,0,33,152,192,0,112
生き生きした,255,216,40,176,220,0,72,204,125
気軽な,232,157,96,255,242,191,151,187,4
ナチュラルな,228,200,99,151,187,4,255,255,255
おだやかな,176,119,72,255,242,191,151,187,4
自然な,206,181,159,176,119,72,151,187,4
趣味的な,255,152,136,151,187,4,136,112,152
閑静な,151,187,4,132,170,134,199,199,187
野性的な,168,0,34,64,32,0,151,187,4
エスニックな,160,136,0,151,187,4,166,102,126
風流な,151,187,4,199,199,187,107,107,98
甘ずっぱい,255,152,136,255,216,40,184,224,32
若々しい,255,217,0,184,224,32,255,255,255
のびのびした,255,242,191,184,224,32,152,231,203
プリティな,255,242,191,184,224,32,239,143,184
親しみやすい,255,188,104,255,242,191,184,224,32
安全な,184,224,32,238,255,181,72,204,125
はれやかな,208,0,32,255,216,40,184,224,32
すっぱい,255,217,0,184,224,32,218,248,109
新鮮な,184,224,32,138,176,223,255,255,255
健康な,255,188,104,255,213,159,218,248,109
あどけない,255,152,136,255,242,191,218,248,109
みずみずしい,218,248,109,96,202,170,255,255,255
気軽な,255,168,40,255,242,191,218,248,109
やすらかな,255,242,191,218,248,109,168,198,164
新鮮な,218,248,109,96,202,170,217,253,255
のびのびした,232,157,96,255,242,191,218,248,109
生き生きした,255,216,40,218,248,109,72,204,125
若々しい,218,248,109,91,189,206,138,176,223
ういういしい,255,212,200,238,255,181,255,255,255
淡白な,255,242,191,238,255,181,255,255,255
純真な,238,255,181,225,236,255,255,255,255
しなやかな,255,212,200,238,255,181,225,236,255
やすらかな,238,255,181,168,198,164,217,253,255
快適な,238,255,181,152,231,203,255,255,255
情緒的な,238,255,181,225,236,255,247,225,255
簡素な,205,191,156,238,255,181,198,205,156
安全な,184,224,32,238,255,181,72,204,125
家庭的な,255,152,136,255,242,191,198,205,156
のんびりした,206,181,159,255,242,191,198,205,156
簡素な,198,205,156,179,186,200,238,238,226
のどかな,255,188,104,255,213,159,198,205,156
やすらかな,255,213,159,198,205,156,238,238,226
快適な,255,242,191,198,205,156,152,231,203
居心地のよい,232,157,96,205,191,156,198,205,156
自然な,228,200,99,198,205,156,179,208,89
田園的な,171,157,109,198,205,156,179,208,89
おおらかな,206,181,159,255,242,191,179,208,89
のどかな,255,242,191,198,205,156,179,208,89
自然な,205,191,156,228,200,99,179,208,89
気軽な,255,212,200,255,188,104,179,208,89
家庭的な,232,157,96,255,242,191,179,208,89
素朴な,205,191,156,179,208,89,152,164,104
平和な,255,213,159,232,157,96,179,208,89
くつろいだ,206,181,159,205,191,156,179,208,89
田園的な,149,132,64,238,255,181,179,208,89
ひなびた,176,119,72,228,200,99,152,164,104
素朴な,176,143,119,205,191,156,152,164,104
地味な,152,164,104,161,161,148,128,128,117
田園的な,119,60,0,209,171,0,152,164,104
風流な,208,180,176,171,157,109,152,164,104
慎ましい,152,164,104,165,129,145,161,161,148
伝統的な,119,60,0,152,164,104,0,29,77
古風な,152,164,104,131,73,139,154,138,159
奥ゆかしい,152,164,104,84,0,96,161,161,148
田園的な,209,171,0,205,191,156,129,145,66
枯れた,149,132,64,129,145,66,161,161,148
和風の,129,145,66,136,112,152,238,238,226
土のにおいのする,176,119,72,119,60,0,129,145,66
エスニックな,255,152,136,129,145,66,136,112,152
渋い,129,145,66,161,161,148,76,76,70
ワイルドな,208,0,32,64,0,24,129,145,66
成熟した,168,0,34,129,145,66,102,0,117
丹念な,60,51,0,129,145,66,46,46,42
成熟した,184,28,16,209,171,0,105,136,0
田園的な,168,84,0,228,200,99,105,136,0
自然な,238,255,181,179,208,89,105,136,0
豊かな,168,0,34,209,171,0,105,136,0
複雑な,105,136,0,0,50,117,186,69,131
雄大な,105,136,0,135,205,149,0,81,40
凝った,105,136,0,102,0,117,0,0,0
野性的な,64,32,0,105,136,0,46,46,42
重厚な,105,136,0,161,161,148,0,0,0
なつかしい,184,147,143,79,96,0,219,149,173
味わい深い,168,104,96,176,143,119,79,96,0
田園的な,176,119,72,198,205,156,79,96,0
ワイルドな,104,0,31,209,171,0,79,96,0
伝統的な,168,84,0,79,96,0,84,0,96
渋い,149,132,64,79,96,0,76,76,70
充実した,168,0,34,64,32,0,79,96,0
クラシックな,176,119,72,79,96,0,64,0,72
古風な,64,0,24,171,157,109,79,96,0
丹念な,168,84,0,119,60,0,43,53,0
実用的な,176,143,119,64,32,0,43,53,0
りりしい,43,53,0,85,130,142,143,143,131
深みのある,149,132,64,43,53,0,84,0,96
壮大な,171,157,109,112,92,0,43,53,0
おごそかな,43,53,0,0,29,77,143,143,131
タフな,184,28,16,43,53,0,0,0,0
伝統的な,119,60,0,149,132,64,43,53,0
どっしりした,64,32,0,43,53,0,107,107,98
アクティブな,208,0,32,255,217,0,0,149,71
健康な,255,217,0,0,149,71,0,33,152
安全な,176,220,0,238,255,181,0,149,71
にぎやかな,255,156,0,0,149,71,192,0,112
活動的な,208,0,32,0,149,71,0,33,152
派手な,255,229,122,0,149,71,132,48,143
刺激的な,0,149,71,102,0,117,192,0,112
力動的な,208,0,32,0,149,71,0,0,0
ダイナミックな,255,217,0,0,149,71,0,0,0
若々しい,255,229,122,176,220,0,57,155,91
新鮮な,255,229,122,57,155,91,157,247,173
真新しい,57,155,91,152,231,203,255,255,255
活気のある,255,156,0,255,216,40,57,155,91
青春の,255,229,122,57,155,91,54,96,141
のびやかな,198,205,156,57,155,91,0,81,40
にぎやかな,255,217,0,57,155,91,192,0,112
トロピカルな,57,155,91,186,69,131,0,0,0
安全な,57,155,91,0,38,102,199,199,187
気軽な,255,168,40,255,242,191,72,204,125
はつらつとした,255,217,0,72,204,125,255,255,255
新鮮な,255,242,191,218,248,109,72,204,125
楽しい,255,88,80,255,229,122,72,204,125
愉快な,255,217,0,72,204,125,239,143,184
若々しい,72,204,125,138,176,223,255,255,255
派手な,208,0,32,255,217,0,72,204,125
刺激的な,72,204,125,102,0,117,192,0,112
生き生きした,176,220,0,218,248,109,72,204,125
のびのびした,255,242,191,218,248,109,157,247,173
みずみずしい,157,247,173,218,255,213,255,255,255
清楚な,157,247,173,242,202,255,255,255,255
開放的な,255,188,104,255,229,122,157,247,173
新鮮な,255,242,191,57,155,91,157,247,173
さわやかな,157,247,173,138,176,223,255,255,255
ユーモラスな,255,88,80,255,229,122,157,247,173
安全な,255,242,191,157,247,173,54,96,141
進歩的な,157,247,173,238,238,226,76,76,70
可憐な,255,212,200,218,255,213,255,255,255
さっぱりした,218,255,213,213,255,236,255,255,255
すがすがしい,218,255,213,225,236,255,255,255,255
しなやかな,218,255,213,255,225,237,199,199,187
みずみずしい,218,255,213,152,231,203,255,255,255
クリアな,218,255,213,191,216,255,255,255,255
ういういしい,255,212,200,218,255,213,255,196,226
新鮮な,176,220,0,218,255,213,255,255,255
静かな,218,255,213,166,196,188,126,156,150
しなやかな,208,180,176,168,198,164,255,255,255
やすらかな,255,213,159,168,198,164,199,199,187
清らかな,168,198,164,191,216,255,255,255,255
自然な,255,242,191,198,205,156,168,198,164
簡素な,205,191,156,238,255,181,168,198,164
清楚な,168,198,164,152,231,203,238,238,226
家庭的な,255,188,104,255,213,159,168,198,164
平和な,168,198,164,126,156,150,161,161,148
素朴な,205,191,156,168,198,164,161,161,148
平和な,255,213,159,135,205,149,161,161,148
新鮮な,218,248,109,238,255,181,135,205,149
さっぱりした,135,205,149,213,255,236,255,255,255
すっぱい,255,229,122,218,255,213,135,205,149
やすらかな,218,255,213,135,205,149,126,156,150
みずみずしい,135,205,149,138,176,223,255,255,255
健康な,232,157,96,255,242,191,135,205,149
洋風の,135,205,149,138,176,223,247,225,255
雄大な,129,145,66,135,205,149,0,117,62
平和な,205,191,156,132,170,134,143,143,131
都会的な,132,170,134,124,152,156,238,238,226
静かな,132,170,134,170,188,191,199,199,187
地味な,132,170,134,154,138,159,199,199,187
しゃれた,132,170,134,179,186,200,154,138,159
閑静な,171,157,109,132,170,134,199,199,187
風流な,171,157,109,132,170,134,161,161,148
粋な,132,170,134,136,112,152,238,238,226
スマートな,132,170,134,102,120,149,255,255,255
たわわな,184,28,16,216,128,0,102,145,107
自然な,228,200,99,152,164,104,102,145,107
理知的な,102,145,107,102,120,149,255,255,255
アダルトな,102,145,107,207,186,196,85,0,53
閑静な,112,92,0,102,145,107,238,238,226
静かな,102,145,107,166,196,188,130,140,157
複雑な,104,0,31,102,145,107,186,69,131
趣味的な,228,200,99,102,145,107,84,0,96
深みのある,152,164,104,102,145,107,0,60,60
トロピカルな,255,156,0,0,117,62,192,0,112
自然な,205,191,156,132,170,134,0,117,62
閑静な,132,170,134,0,117,62,199,199,187
ワイルドな,184,28,16,112,92,0,0,117,62
装飾的な,0,117,62,102,0,117,161,161,148
進歩的な,0,117,62,213,255,236,0,50,117
エスニックな,209,171,0,0,117,62,136,0,82
実用的な,168,84,0,0,117,62,0,0,0
堅実な,171,157,109,0,117,62,46,46,42
たわわな,208,0,32,255,156,0,0,81,40
アダルトな,0,81,40,197,184,199,166,102,126
静かな,0,81,40,126,156,150,161,161,148
豊かな,168,0,34,209,171,0,0,81,40
野性的な,176,119,72,119,60,0,0,81,40
格調のある,64,32,0,0,81,40,161,161,148
たくましい,168,0,34,0,81,40,0,0,0
古典的な,168,84,0,0,81,40,84,0,96
実用的な,64,0,24,149,132,64,0,81,40
堅実な,64,0,24,149,132,64,0,53,27
紳士的な,171,157,109,0,53,27,0,29,77
格調のある,0,53,27,130,140,157,64,0,72
重い,119,60,0,0,53,27,0,0,0
渋い,64,32,0,0,53,27,128,128,117
がっしりした,0,53,27,128,128,117,0,0,0
力強い,208,0,32,0,53,27,0,0,0
タフな,168,0,34,64,32,0,0,53,27
重厚な,119,60,0,0,53,27,0,29,77
躍動的な,208,0,32,255,217,0,0,140,113
カジュアルな,255,156,0,255,229,122,0,140,113
進歩的な,0,140,113,0,38,102,199,199,187
派手な,255,156,0,0,140,113,192,0,112
スポーティな,255,217,0,0,140,113,0,38,102
モダンな,0,140,113,199,199,187,46,46,42
アクティブな,208,0,32,0,140,113,0,0,0
行動的な,255,216,40,0,140,113,0,0,0
シャープな,0,140,113,0,38,102,255,255,255
スポーティな,208,0,32,52,139,118,255,255,255
行動的な,255,229,122,52,139,118,0,38,102
機敏な,52,139,118,0,38,102,255,255,255
刺激的な,52,139,118,132,48,143,192,0,112
雄大な,52,139,118,0,72,69,170,188,191
スマートな,52,139,118,102,120,149,199,199,187
不思議な,52,139,118,54,96,141,102,0,117
革新的な,52,139,118,255,255,255,0,0,0
シャープな,52,139,118,0,29,77,255,255,255
かわいい,255,152,136,255,229,122,96,202,170
若々しい,255,229,122,184,224,32,96,202,170
さわやかな,96,202,170,138,176,223,255,255,255
楽しい,255,168,40,255,229,122,96,202,170
青春の,255,229,122,96,202,170,54,96,141
スカッとした,96,202,170,0,108,136,255,255,255
陽気な,255,156,0,255,216,40,96,202,170
はなやかな,96,202,170,132,48,143,192,0,112
進歩的な,218,255,213,96,202,170,0,33,152
健康な,255,229,122,255,242,191,152,231,203
すがすがしい,218,248,109,152,231,203,255,255,255
さっぱりした,152,231,203,213,255,236,255,255,255
快適な,238,255,181,72,204,125,152,231,203
清潔な,152,231,203,150,222,233,255,255,255
すっきりした,152,231,203,191,216,255,255,255,255
みずみずしい,152,231,203,217,253,255,138,176,223
文化的な,152,231,203,0,50,117,161,161,148
清らかな,152,231,203,138,176,223,255,255,255
しなやかな,255,212,200,213,255,236,238,238,226
メルヘンの,213,255,236,191,216,255,247,225,255
さっぱりした,213,255,236,150,222,233,255,255,255
甘美な,255,242,191,213,255,236,255,196,226
情緒的な,213,255,236,188,156,201,207,186,196
清潔な,213,255,236,225,236,255,255,255,255
おとなしい,206,181,159,255,242,191,213,255,236
安全な,213,255,236,150,222,233,85,130,142
清らかな,213,255,236,138,176,223,255,255,255
かわいい,255,242,191,166,196,188,255,196,226
平和な,206,181,159,255,242,191,166,196,188
さっぱりした,166,196,188,150,222,233,255,255,255
やさしい,255,212,200,166,196,188,207,186,196
居心地のよい,255,242,191,205,191,156,166,196,188
さりげない,255,242,191,166,196,188,199,199,187
気軽な,255,168,40,255,229,122,166,196,188
親しみやすい,232,157,96,205,191,156,166,196,188
閑静な,152,164,104,166,196,188,143,143,131
気楽な,255,152,136,255,242,191,128,200,184
新鮮な,218,248,109,128,200,184,255,255,255
みずみずしい,213,255,236,128,200,184,255,255,255
カジュアルな,237,128,122,255,229,122,128,200,184
安全な,128,200,184,217,253,255,102,120,149
スカッとした,128,200,184,150,222,233,255,255,255
不思議な,128,200,184,132,48,143,186,69,131
文化的な,255,213,159,128,200,184,102,120,149
洋風の,128,200,184,102,120,149,255,255,255
静かな,218,255,213,126,156,150,170,188,191
さりげない,126,156,150,179,186,200,238,238,226
シックな,126,156,150,238,238,226,128,128,117
奥ゆかしい,208,180,176,176,143,119,126,156,150
都会的な,255,242,191,126,156,150,0,71,91
知的な,126,156,150,102,120,149,238,238,226
地味な,171,157,109,126,156,150,161,161,148
高尚な,126,156,150,136,112,152,0,0,0
理知的な,126,156,150,0,71,91,199,199,187
エスニックな,209,171,0,82,131,124,136,0,82
緻密な,82,131,124,0,29,77,143,143,131
スマートな,82,131,124,0,50,117,255,255,255
装飾的な,82,131,124,84,0,96,186,69,131
不思議な,82,131,124,132,48,143,186,69,131
モダンな,82,131,124,0,29,77,255,255,255
凝った,168,0,34,82,131,124,84,0,96
複雑な,79,96,0,82,131,124,131,73,139
壮観な,82,131,124,170,188,191,0,71,91
カジュアルな,168,0,34,0,104,94,238,238,226
スマートな,0,104,94,102,120,149,197,184,199
やすらかな,0,104,94,217,253,255,170,188,191
田園的な,232,157,96,228,200,99,0,104,94
凝った,152,164,104,0,104,94,84,0,96
理知的な,0,104,94,0,50,117,255,255,255
ワイルドな,208,0,32,64,0,24,0,104,94
エスニックな,104,0,31,209,171,0,0,104,94
深みのある,129,145,66,43,53,0,0,104,94
エスニックな,168,0,34,160,136,0,0,72,69
保守的な,119,60,0,171,157,109,0,72,69
緻密な,0,72,69,124,152,156,128,128,117
丹念な,149,132,64,0,72,69,166,102,126
精悍な,171,157,109,0,72,69,0,0,0
メカニックな,0,72,69,161,161,148,0,0,0
タフな,168,0,34,119,60,0,0,72,69
凝った,209,171,0,0,72,69,106,0,67
荘厳な,0,72,69,84,0,96,0,0,0
おだやかな,232,157,96,171,157,109,0,60,60
壮観な,126,156,150,82,131,124,0,60,60
りりしい,0,60,60,217,253,255,102,120,149
古典的な,64,0,24,176,143,119,0,60,60
丈夫な,171,157,109,0,60,60,64,0,72
紳士的な,60,51,0,0,60,60,128,128,117
男っぽい,119,60,0,0,60,60,128,128,117
どっしりした,119,60,0,0,60,60,0,0,0
重厚な,112,92,0,0,60,60,0,51,68
派手な,208,0,32,255,217,0,0,108,136
スポーティーな,208,0,32,0,108,136,255,255,255
青春の,255,229,122,96,202,170,0,108,136
あざやかな,255,217,0,0,108,136,192,0,112
刺激的な,0,108,136,132,48,143,192,0,112
スピーディーな,0,108,136,0,33,152,255,255,255
行動的な,208,0,32,0,108,136,0,0,0
大胆な,0,108,136,192,0,112,0,0,0
シャープな,0,108,136,255,255,255,0,0,0
青春の,255,229,122,54,119,133,255,255,255
みずみずしい,152,231,203,54,119,133,217,253,255
シンプルな,54,119,133,191,216,255,255,255,255
カジュアルな,208,0,32,255,216,40,54,119,133
ノーブルな,54,119,133,131,73,139,199,199,187
スマートな,54,119,133,0,50,117,255,255,255
スポーティーな,54,119,133,192,0,112,255,255,255
りりしい,54,119,133,150,222,233,0,38,102
モダンな,54,119,133,199,199,187,0,0,0
スカッとした,255,217,0,91,189,206,255,255,255
新鮮な,184,224,32,91,189,206,255,255,255
さわやかな,157,247,173,91,189,206,255,255,255
開放的な,255,156,0,255,242,191,91,189,206
若々しい,96,202,170,213,255,236,91,189,206
清らかな,91,189,206,138,176,223,255,255,255
楽しい,255,216,40,91,189,206,239,143,184
機敏な,255,229,122,91,189,206,0,33,152
スピーディーな,91,189,206,0,33,152,255,255,255
平和な,255,188,104,255,242,191,150,222,233
クリアな,218,255,213,150,222,233,255,255,255
清らかな,157,247,173,150,222,233,255,255,255
軽快な,255,216,40,150,222,233,255,255,255
すっきりした,152,231,203,150,222,233,255,255,255
清潔な,96,202,170,150,222,233,255,255,255
子供らしい,255,242,191,150,222,233,239,143,184
純真な,150,222,233,255,196,226,255,255,255
スマートな,150,222,233,138,176,223,255,255,255
可憐な,217,253,255,255,196,226,255,225,237
ロマンティックな,217,253,255,255,225,237,255,255,255
クリアな,152,231,203,217,253,255,255,255,255
メルヘンの,255,242,191,217,253,255,255,196,226
清らかな,150,222,233,217,253,255,255,255,255
純真な,217,253,255,191,216,255,255,255,255
清楚な,255,213,159,217,253,255,242,202,255
みずみずしい,96,202,170,217,253,255,255,255,255
さわやかな,91,189,206,217,253,255,255,255,255
繊細な,255,213,159,170,188,191,197,184,199
洗練された,170,188,191,154,138,159,255,255,255
清楚な,170,188,191,112,173,184,225,236,255
叙情的な,170,188,191,225,236,255,242,202,255
都会的な,170,188,191,154,138,159,76,76,70
静かな,132,170,134,170,188,191,199,199,187
気高い,170,188,191,0,29,77,102,0,117
高尚な,170,188,191,124,152,156,76,76,70
合理的な,170,188,191,0,29,77,128,128,117
平和な,255,242,191,168,198,164,112,173,184
文化的な,112,173,184,136,112,152,238,238,226
清楚な,112,173,184,191,216,255,225,236,255
スマートな,255,242,191,112,173,184,0,29,77
理知的な,112,173,184,85,130,142,133,153,186
都会的な,112,173,184,102,120,149,238,238,226
高雅な,112,173,184,131,73,139,197,184,199
神聖な,112,173,184,255,255,255,0,0,0
精密な,112,173,184,0,51,68,179,186,200
慎ましい,124,152,156,207,186,196,143,143,131
静かな,124,152,156,85,130,142,199,199,187
冷静な,217,253,255,124,152,156,46,46,42
精密な,124,152,156,199,199,187,107,107,98
緻密な,124,152,156,102,120,149,46,46,42
高尚な,166,196,188,124,152,156,76,76,70
格調のある,0,53,27,124,152,156,84,0,96
厳粛な,124,152,156,0,29,77,64,0,72
知的な,124,152,156,255,255,255,46,46,42
地味な,85,130,142,191,216,255,130,140,157
都会的な,85,130,142,255,255,255,128,128,117
合理的な,85,130,142,0,50,117,238,238,226
緻密な,126,156,150,85,130,142,107,107,98
知的な,85,130,142,102,120,149,199,199,187
モダンな,85,130,142,255,255,255,46,46,42
りりしい,85,130,142,0,51,68,143,143,131
冷静な,85,130,142,199,199,187,0,0,0
精密な,85,130,142,179,186,200,0,38,102
エスニックな,168,0,34,209,171,0,0,99,123
冷静な,0,99,123,130,140,157,238,238,226
りりしい,0,99,123,225,236,255,0,38,102
不思議な,0,99,123,102,0,117,192,0,112
精密な,124,152,156,0,99,123,199,199,187
メカニックな,0,99,123,64,0,72,238,238,226
たくましい,119,60,0,0,99,123,0,0,0
貴重な,0,99,123,102,0,117,238,238,226
革新的な,0,99,123,0,29,77,255,255,255
スポーティーな,255,217,0,0,71,91,255,255,255
都会的な,0,71,91,179,186,200,130,140,157
りりしい,0,71,91,54,96,141,199,199,187
理知的な,126,156,150,0,71,91,199,199,187
合理的な,0,71,91,179,186,200,102,120,149
真面目な,0,71,91,238,238,226,128,128,117
男性的な,119,60,0,0,71,91,199,199,187
格調のある,64,0,24,0,71,91,128,128,117
ダンディな,171,157,109,0,71,91,0,0,0
風格のある,176,143,119,0,51,68,46,46,42
緻密な,0,51,68,161,161,148,107,107,98
進歩的な,0,51,68,138,176,223,225,236,255
たくましい,168,0,34,60,51,0,0,51,68
ダンディな,171,157,109,60,51,0,0,51,68
精密な,112,173,184,0,51,68,130,140,157
がっしりした,0,51,68,106,0,67,46,46,42
重厚な,64,32,0,112,92,0,0,51,68
男っぽい,0,51,68,0,29,77,128,128,117
スピーディーな,255,216,40,0,33,152,255,255,255
機敏な,96,202,170,0,33,152,255,255,255
スカッとした,91,189,206,0,33,152,255,255,255
活動的な,208,0,32,255,156,0,0,33,152
革新的な,0,140,113,0,33,152,199,199,187
進歩的な,218,255,213,96,202,170,0,33,152
アクティブな,208,0,32,255,217,0,0,33,152
強烈な,255,217,0,0,33,152,0,0,0
シャープな,0,33,152,255,255,255,0,0,0
若々しい,255,229,122,54,96,141,255,255,255
さっぱりした,213,255,236,54,96,141,255,255,255
都会的な,54,96,141,225,236,255,133,153,186
青春の,255,229,122,96,202,170,54,96,141
スマートな,255,242,191,150,222,233,54,96,141
さわやかな,91,189,206,54,96,141,255,255,255
安全な,255,242,191,157,247,173,54,96,141
りりしい,54,96,141,179,186,200,0,0,0
理知的な,54,96,141,255,255,255,0,0,0
若々しい,255,216,40,138,176,223,255,255,255
すっきりした,152,231,203,138,176,223,255,255,255
クリアな,217,253,255,138,176,223,255,255,255
新鮮な,176,220,0,138,176,223,255,255,255
みずみずしい,152,231,203,217,253,255,138,176,223
清らかな,150,222,233,138,176,223,255,255,255
さわやかな,96,202,170,138,176,223,255,255,255
スマートな,54,119,133,138,176,223,255,255,255
進歩的な,0,51,68,138,176,223,225,236,255
純真な,191,216,255,247,225,255,255,255,255
すがすがしい,213,255,236,191,216,255,255,255,255
すっきりした,138,176,223,191,216,255,255,255,255
気品のある,191,216,255,225,236,255,197,184,199
上品な,217,253,255,191,216,255,238,238,226
清潔な,150,222,233,191,216,255,255,255,255
洗練された,191,216,255,130,140,157,238,238,226
さわやかな,152,231,203,191,216,255,225,236,255
高尚な,191,216,255,0,38,102,136,112,152
情緒的な,225,236,255,207,186,196,238,238,226
淡白な,255,242,191,225,236,255,255,255,255
清楚な,170,188,191,191,216,255,225,236,255
ロマンチックな,218,255,213,225,236,255,247,225,255
叙情的な,225,236,255,247,225,255,197,184,199
洗練された,225,236,255,130,140,157,197,184,199
メルヘンの,255,213,159,225,236,255,255,196,226
気品のある,225,236,255,179,186,200,197,184,199
冷静な,124,152,156,225,236,255,0,38,102
繊細な,179,186,200,197,184,199,238,238,226
しゃれた,218,255,213,179,186,200,128,128,117
洗練された,170,188,191,179,186,200,238,238,226
微妙な,179,186,200,247,225,255,207,186,196
静かな,179,186,200,238,238,226,128,128,117
都会的な,179,186,200,130,140,157,199,199,187
ひかえめな,179,186,200,197,184,199,199,199,187
緻密な,179,186,200,102,120,149,107,107,98
精密な,85,130,142,179,186,200,102,120,149
高尚な,133,153,186,136,112,152,199,199,187
上品な,133,153,186,197,184,199,199,199,187
清らかな,217,253,255,133,153,186,255,255,255
高雅な,133,153,186,197,184,199,136,112,152
都会的な,133,153,186,197,184,199,107,107,98
スマートな,225,236,255,133,153,186,76,76,70
気高い,133,153,186,131,73,139,0,0,0
神聖な,133,153,186,136,112,152,0,0,0
理知的な,54,96,141,133,153,186,46,46,42
上品な,130,140,157,207,186,196,143,143,131
優雅な,130,140,157,197,184,199,188,156,201
洗練された,225,236,255,130,140,157,197,184,199
シックな,176,143,119,130,140,157,199,199,187
気品のある,130,140,157,154,138,159,199,199,187
慎ましい,130,140,157,102,120,149,197,184,199
荘厳な,130,140,157,84,0,96,46,46,42
都会的な,170,188,191,130,140,157,107,107,98
精密な,130,140,157,0,38,102,199,199,187
進歩的な,255,242,191,102,120,149,161,161,148
安全な,57,155,91,218,255,213,102,120,149
知的な,85,130,142,102,120,149,238,238,226
シックな,102,120,149,154,138,159,161,161,148
静かな,124,152,156,102,120,149,199,199,187
モダンな,102,120,149,247,225,255,76,76,70
理知的な,112,173,184,133,153,186,102,120,149
文化的な,102,120,149,0,38,102,161,161,148
りりしい,102,120,149,255,255,255,46,46,42
活動的な,208,0,32,255,156,0,0,50,117
スマートな,126,156,150,0,50,117,255,255,255
きりりとした,0,50,117,0,29,77,255,255,255
アクティブな,208,0,32,255,217,0,0,50,117
冷静な,0,50,117,0,29,77,143,143,131
合理的な,85,130,142,0,50,117,238,238,226
緻密な,0,50,117,128,128,117,0,0,0
りりしい,0,50,117,64,0,72,199,199,187
真面目な,0,50,117,161,161,148,46,46,42
高尚な,191,216,255,0,38,102,136,112,152
理知的な,225,236,255,0,38,102,143,143,131
きりりとした,85,130,142,0,38,102,238,238,226
気高い,170,188,191,0,38,102,136,112,152
精密な,130,140,157,0,38,102,199,199,187
シャープな,96,202,170,0,38,102,255,255,255
真面目な,119,60,0,0,38,102,143,143,131
りりしい,0,99,123,225,236,255,0,38,102
フォーマルな,0,38,102,161,161,148,0,0,0
格調のある,171,157,109,60,51,0,0,29,77
伝統的な,119,60,0,152,164,104,0,29,77
紳士的な,0,29,77,199,199,187,107,107,98
丈夫な,168,84,0,0,29,77,0,0,0
風格のある,176,143,119,64,32,0,0,29,77
本格的な,0,29,77,85,0,53,128,128,117
がっしりした,64,0,24,0,29,77,128,128,117
重厚な,119,60,0,0,29,77,46,46,42
厳粛な,0,29,77,107,107,98,0,0,0
あでやかな,255,152,136,132,48,143,192,0,112
セクシーな,132,48,143,192,0,112,239,143,184
はなやかな,96,202,170,132,48,143,239,143,184
派手な,255,217,0,132,48,143,192,0,112
装飾的な,168,0,34,209,171,0,132,48,143
華麗な,132,48,143,242,202,255,239,143,184
情熱的な,208,0,32,132,48,143,192,0,112
刺激的な,72,204,125,132,48,143,192,0,112
高雅な,132,48,143,161,161,148,0,0,0
艶っぽい,131,73,139,186,69,131,255,196,226
麗しい,131,73,139,247,225,255,219,149,173
優美な,131,73,139,242,202,255,247,225,255
華麗な,255,88,80,131,73,139,186,69,131
魅惑的な,131,73,139,194,135,205,186,69,131
高雅な,112,173,184,179,186,200,131,73,139
セクシーな,131,73,139,194,135,205,192,0,112
古風な,209,171,0,131,73,139,136,0,82
気高い,179,186,200,0,38,102,131,73,139
はなやかな,255,216,40,194,135,205,186,69,131
華麗な,131,73,139,194,135,205,242,202,255
上品な,191,216,255,194,135,205,199,199,187
艶っぽい,194,135,205,64,0,72,186,69,131
麗しい,131,73,139,194,135,205,255,196,226
ドレッシーな,130,140,157,194,135,205,242,202,255
セクシーな,194,135,205,192,0,112,0,0,0
魅惑的な,194,135,205,84,0,96,186,69,131
モダンな,194,135,205,255,255,255,0,0,0
やさしい,255,212,200,242,202,255,255,196,226
甘美な,255,152,136,242,202,255,255,225,237
清楚な,179,186,200,242,202,255,238,238,226
フェミニンな,242,202,255,255,225,237,219,149,173
優美な,242,202,255,247,225,255,255,196,226
叙情的な,225,236,255,242,202,255,197,184,199
あでやかな,242,202,255,136,112,152,239,143,184
華麗な,131,73,139,242,202,255,186,69,131
情緒的な,242,202,255,154,138,159,255,225,237
ロマンチックな,255,242,191,217,253,255,247,225,255
叙情的な,170,188,191,247,225,255,197,184,199
やさしい,217,253,255,247,225,255,238,238,226
甘美な,255,188,104,247,225,255,255,196,226
しとやかな,247,225,255,197,184,199,207,186,196
メルヘンの,213,255,236,179,186,200,247,225,255
フェミニンな,242,202,255,247,225,255,219,149,173
繊細な,198,205,156,247,225,255,161,161,148
微妙な,179,186,200,247,225,255,197,184,199
温雅な,208,180,176,197,184,199,255,225,237
繊細な,179,186,200,247,225,255,197,184,199
ひかえめな,197,184,199,238,238,226,199,199,187
エレガントな,197,184,199,255,225,237,165,129,145
叙情的な,179,186,200,197,184,199,165,129,145
気品のある,225,236,255,130,140,157,197,184,199
しとやかな,197,184,199,154,138,159,207,186,196
微妙な,197,184,199,154,138,159,199,199,187
シックな,197,184,199,143,143,131,107,107,98
フェミニンな,255,213,159,188,156,201,255,196,226
情緒的な,213,255,236,188,156,201,255,225,237
清楚な,112,173,184,188,156,201,238,238,226
やさしい,247,225,255,188,156,201,219,149,173
優雅な,188,156,201,154,138,159,255,196,226
しゃれた,213,255,236,188,156,201,154,138,159
華麗な,131,73,139,188,156,201,186,69,131
魅惑的な,242,202,255,188,156,201,84,0,96
エレガントな,130,140,157,188,156,201,207,186,196
優雅な,237,128,122,154,138,159,207,186,196
エレガントな,188,156,201,154,138,159,199,199,187
洗練された,225,236,255,154,138,159,161,161,148
しとやかな,208,180,176,197,184,199,154,138,159
しゃれた,170,188,191,154,138,159,207,186,196
高雅な,225,236,255,197,184,199,154,138,159
ドレッシーな,154,138,159,166,102,126,161,161,148
微妙な,205,191,156,179,186,200,154,138,159
上品な,133,153,186,197,184,199,154,138,159
しゃれた,171,157,109,197,184,199,136,112,152
高尚な,126,156,150,136,112,152,199,199,187
文化的な,112,173,184,136,112,152,238,238,226
華麗な,188,156,201,136,112,152,186,69,131
魅惑的な,136,112,152,186,69,131,219,149,173
高雅な,179,186,200,133,153,186,136,112,152
艶っぽい,184,28,16,136,112,152,165,129,145
神聖な,136,112,152,199,199,187,0,0,0
気高い,133,153,186,136,112,152,0,0,0
はなやかな,255,217,0,102,0,117,192,0,112
華麗な,102,0,117,186,69,131,199,199,187
気高い,170,188,191,0,29,77,102,0,117
魅惑的な,102,0,117,186,69,131,255,196,226
艶っぽい,102,0,117,186,69,131,166,102,126
あでやかな,152,231,203,102,0,117,192,0,112
豪華な,168,0,34,209,171,0,102,0,117
円熟した,184,147,143,168,0,34,102,0,117
ぜいたくな,104,0,31,160,136,0,102,0,117
円熟した,84,0,96,219,149,173,136,0,82
味わい深い,184,147,143,176,119,72,84,0,96
奥ゆかしい,152,164,104,84,0,96,161,161,148
ぜいたくな,228,200,99,84,0,96,136,0,82
装飾的な,82,131,124,84,0,96,186,69,131
厳粛な,84,0,96,161,161,148,0,0,0
豪華な,160,136,0,84,0,96,106,0,67
伝統的な,168,84,0,0,81,40,84,0,96
荘厳な,130,140,157,84,0,96,0,0,0
艶っぽい,194,135,205,64,0,72,186,69,131
合理的な,133,153,186,64,0,72,199,199,187
モダンな,82,131,124,64,0,72,255,255,255
味わい深い,79,96,0,64,0,72,166,102,126
風格のある,171,157,109,0,51,68,64,0,72
りりしい,102,120,149,64,0,72,255,255,255
丈夫な,64,32,0,171,157,109,64,0,72
どっしりした,112,92,0,64,0,72,46,46,42
格調のある,0,53,27,124,152,156,64,0,72
セクシーな,255,152,136,102,0,117,192,0,112
あざやかな,255,217,0,0,149,71,192,0,112
にぎやかな,255,217,0,0,108,136,192,0,112
情熱的な,255,156,0,132,48,143,192,0,112
あでやかな,228,200,99,132,48,143,192,0,112
派手な,255,217,0,132,48,143,192,0,112
激しい,176,220,0,192,0,112,0,0,0
はなやかな,209,171,0,102,0,117,192,0,112
刺激的な,0,140,113,132,48,143,192,0,112
魅惑的な,131,73,139,186,69,131,239,143,184
麗しい,188,156,201,186,69,131,207,186,196
不思議な,157,247,173,131,73,139,186,69,131
こっけいな,255,217,0,132,48,143,186,69,131
華麗な,136,112,152,186,69,131,255,196,226
豊潤な,0,99,123,136,112,152,186,69,131
つややかな,132,48,143,186,69,131,239,143,184
艶っぽい,102,0,117,192,0,112,186,69,131
装飾的な,136,112,152,186,69,131,0,0,0
うれしい,208,0,32,247,225,255,239,143,184
かわいい,255,242,191,138,176,223,239,143,184
子供らしい,255,229,122,150,222,233,239,143,184
愉快な,255,168,40,176,220,0,239,143,184
楽しい,218,248,109,54,96,141,239,143,184
はなやかな,96,202,170,132,48,143,239,143,184
あでやかな,242,202,255,136,112,152,239,143,184
セクシーな,194,135,205,239,143,184,46,46,42
魅惑的な,85,130,142,131,73,139,239,143,184
かわいい,255,229,122,255,196,226,255,255,255
可憐な,255,213,159,213,255,236,255,196,226
ういういしい,255,212,200,218,255,213,255,196,226
女性的な,255,212,200,247,225,255,255,196,226
やさしい,166,196,188,255,196,226,255,225,237
メルヘンの,255,242,191,217,253,255,255,196,226
甘美な,255,212,200,242,202,255,255,196,226
麗しい,194,135,205,186,69,131,255,196,226
フェミニンな,213,255,236,188,156,201,255,196,226
女性的な,255,152,136,255,196,226,255,225,237
しなやかな,218,255,213,255,225,237,255,255,255
ロマンチックな,225,236,255,255,225,237,255,255,255
ういういしい,255,242,191,255,196,226,255,225,237
肌触りのよい,208,180,176,255,213,159,255,225,237
可憐な,217,253,255,255,196,226,255,225,237
きめ細かい,208,180,176,184,147,143,255,225,237
温雅な,237,128,122,197,184,199,255,225,237
情緒的な,213,255,236,188,156,201,255,225,237
マイルドな,206,181,159,255,242,191,207,186,196
フェミニンな,255,213,159,242,202,255,207,186,196
優雅な,188,156,201,207,186,196,238,238,226
しとやかな,179,186,200,247,225,255,207,186,196
繊細な,247,225,255,207,186,196,143,143,131
しなやかな,255,213,159,179,186,200,207,186,196
情緒的な,237,128,122,176,143,119,207,186,196
ドレッシーな,247,225,255,154,138,159,207,186,196
上品な,130,140,157,207,186,196,161,161,148
キュートな,255,188,104,219,149,173,255,255,255
やさしい,188,156,201,255,225,237,219,149,173
フェミニンな,242,202,255,247,225,255,219,149,173
なつかしい,176,143,119,129,145,66,219,149,173
魅惑的な,247,225,255,188,156,201,219,149,173
優美な,208,180,176,188,156,201,219,149,173
麗しい,242,202,255,186,69,131,219,149,173
艶っぽい,136,112,152,219,149,173,166,102,126
優雅な,136,112,152,219,149,173,165,129,145
やさしい,237,128,122,255,213,159,165,129,145
ドレッシーな,208,180,176,165,129,145,161,161,148
エレガントな,247,225,255,188,156,201,165,129,145
優雅な,207,186,196,219,149,173,165,129,145
情緒的な,184,147,143,207,186,196,165,129,145
微妙な,197,184,199,165,129,145,199,199,187
艶っぽい,184,28,16,136,112,152,165,129,145
古風な,176,143,119,112,92,0,165,129,145
シックな,130,140,157,197,184,199,165,129,145
豊かな,168,0,34,216,128,0,166,102,126
ドレッシーな,154,138,159,207,186,196,166,102,126
しとやかな,197,184,199,166,102,126,238,238,226
艶っぽい,136,112,152,219,149,173,166,102,126
クラシックな,64,0,24,152,164,104,166,102,126
丹念な,149,132,64,0,72,69,166,102,126
円熟した,184,28,16,166,102,126,136,0,82
ぜいたくな,209,171,0,102,0,117,166,102,126
味わい深い,64,32,0,171,157,109,166,102,126
豊潤な,184,28,16,209,171,0,136,0,82
ぜいたくな,209,171,0,84,0,96,136,0,82
装飾的な,160,136,0,82,131,124,136,0,82
こってりした,216,128,0,119,60,0,136,0,82
艶っぽい,102,0,117,186,69,131,136,0,82
円熟した,176,119,72,131,73,139,136,0,82
クラシックな,176,143,119,64,32,0,136,0,82
丹念な,176,119,72,136,0,82,0,0,0
豪華な,209,171,0,136,0,82,0,0,0
充実した,255,229,122,149,132,64,106,0,67
円熟した,168,104,96,119,60,0,106,0,67
味わい深い,149,132,64,60,51,0,106,0,67
豊潤な,216,128,0,136,0,82,106,0,67
アンティークな,168,84,0,160,136,0,106,0,67
クラシックな,149,132,64,79,96,0,106,0,67
力強い,168,0,34,106,0,67,0,0,0
荘厳な,130,140,157,106,0,67,0,0,0
がっしりした,0,51,68,106,0,67,46,46,42
豪華な,184,28,16,209,171,0,85,0,53
荘厳な,64,0,72,85,0,53,143,143,131
精悍な,217,253,255,0,38,102,85,0,53
アンティークな,171,157,109,106,0,67,85,0,53
本格的な,64,0,24,85,0,53,128,128,117
堅実な,0,71,91,85,0,53,128,128,117
重厚な,119,60,0,0,53,27,85,0,53
丈夫な,112,92,0,85,0,53,0,0,0
どっしりした,0,29,77,85,0,53,107,107,98
ロマンチックな,218,255,213,255,225,237,255,255,255
クリアな,152,231,203,150,222,233,255,255,255
すっきりした,150,222,233,138,176,223,255,255,255
若々しい,255,229,122,72,204,125,255,255,255
スピーディな,255,217,0,91,189,206,255,255,255
清らかな,96,202,170,138,176,223,255,255,255
スポーティな,208,0,32,0,50,117,255,255,255
新鮮な,184,224,32,138,176,223,255,255,255
シャープな,0,140,113,255,255,255,0,0,0
きめ細かい,255,212,200,207,186,196,238,238,226
清楚な,191,216,255,242,202,255,238,238,226
洗練された,170,188,191,179,186,200,238,238,226
ひかえめな,184,147,143,197,184,199,238,238,226
静かな,124,152,156,179,186,200,238,238,226
知的な,130,140,157,0,38,102,238,238,226
しとやかな,154,138,159,207,186,196,238,238,226
冷静な,0,99,123,130,140,157,238,238,226
メカニックな,0,29,77,238,238,226,128,128,117
シックな,176,143,119,130,140,157,199,199,187
上品な,133,153,186,154,138,159,199,199,187
静かな,124,152,156,102,120,149,199,199,187
質素な,176,143,119,171,157,109,199,199,187
地味な,152,164,104,179,186,200,199,199,187
理知的な,126,156,150,0,38,102,199,199,187
高尚な,124,152,156,85,130,142,199,199,187
合理的な,54,96,141,0,38,102,199,199,187
モダンな,0,140,113,199,199,187,46,46,42
エレガントな,154,138,159,207,186,196,161,161,148
微妙な,179,186,200,130,140,157,161,161,148
さりげない,166,196,188,238,238,226,161,161,148
素朴な,228,200,99,171,157,109,161,161,148
シックな,124,152,156,154,138,159,161,161,148
真面目な,0,50,117,0,29,77,161,161,148
質素な,171,157,109,152,164,104,161,161,148
枯れた,119,60,0,149,132,64,161,161,148
メカニックな,0,72,69,161,161,148,0,0,0
素朴な,205,191,156,152,164,104,143,143,131
枯れた,176,143,119,199,199,187,143,143,131
理知的な,225,236,255,0,38,102,143,143,131
ひなびた,171,157,109,149,132,64,143,143,131
質素な,171,157,109,161,161,148,143,143,131
りりしい,43,53,0,85,130,142,143,143,131
奥ゆかしい,64,0,24,152,164,104,143,143,131
フォーマルな,119,60,0,0,50,117,143,143,131
紳士的な,0,38,102,143,143,131,0,0,0
地味な,152,164,104,161,161,148,128,128,117
シックな,126,156,150,238,238,226,128,128,117
真面目な,0,71,91,238,238,226,128,128,117
荘厳な,84,0,96,128,128,117,46,46,42
がっしりした,60,51,0,128,128,117,46,46,42
緻密な,0,50,117,128,128,117,0,0,0
堅実な,119,60,0,0,29,77,128,128,117
男っぽい,64,32,0,0,71,91,128,128,117
格調のある,0,38,102,128,128,117,0,0,0
ひなびた,152,164,104,199,199,187,107,107,98
シックな,197,184,199,165,129,145,107,107,98
都会的な,170,188,191,154,138,159,107,107,98
丹念な,176,143,119,60,51,0,107,107,98
緻密な,0,51,68,179,186,200,107,107,98
フォーマルな,0,29,77,238,238,226,107,107,98
どっしりした,64,0,24,107,107,98,0,0,0
風格のある,64,0,24,0,29,77,107,107,98
人工的な,199,199,187,107,107,98,46,46,42
高尚な,170,188,191,124,152,156,76,76,70
緻密な,179,186,200,128,128,117,76,76,70
合理的な,170,188,191,143,143,131,76,76,70
渋い,112,92,0,43,53,0,76,76,70
慎ましい,179,186,200,130,140,157,76,76,70
文化的な,85,130,142,143,143,131,76,76,70
厳粛な,84,0,96,76,76,70,0,0,0
堅実な,171,157,109,0,38,102,76,76,70
メカニックな,199,199,187,76,76,70,0,0,0
クラシックな,168,0,34,119,60,0,46,46,42
神聖な,136,112,152,238,238,226,46,46,42
理知的な,112,173,184,199,199,187,46,46,42
たくましい,168,0,34,64,0,24,46,46,42
荘厳な,130,140,157,84,0,96,46,46,42
フォーマルな,130,140,157,238,238,226,46,46,42
重厚な,119,60,0,0,29,77,46,46,42
丈夫な,60,51,0,152,164,104,46,46,42
真面目な,0,50,117,161,161,148,46,46,42
大胆な,208,0,32,255,217,0,0,0,0
強烈な,255,217,0,0,33,152,0,0,0
モダンな,0,140,113,217,253,255,0,0,0
激しい,208,0,32,255,156,0,0,0,0
がっしりした,176,143,119,64,32,0,0,0,0
シャープな,0,38,102,255,255,255,0,0,0
力強い,208,0,32,0,53,27,0,0,0
荘厳な,0,29,77,154,138,159,0,0,0
メカニックな,102,120,149,161,161,148,0,0,0
